timestamp,dateTimeISO,tempC,feelslikeC,dewpointC,humidity,pressureMB,spressureMB,altimeterMB,windSpeedKPH,windDirDEG,windDir,windGustKPH,heatindexC,windchillC,precipMM,solradWM2,weatherPrimary,weatherPrimaryCoded,cloudsCoded,uvi,QCcode
1791432120,2026-10-08T00:02:00-04:00,15.3,15.3,12.6,84,1011.7,1008.7,1011.7,4.3,106,ESE,5.8,15.3,15.3,0,0,Mostly Clear,::FW,FW,0,10
1791432420,2026-10-08T00:07:00-04:00,15.2,15.2,12.5,84,1011.5,1008.5,1011.5,5.8,129,SE,5.8,15.2,15.2,0,0,Mostly Clear,::FW,FW,0,10
1791432720,2026-10-08T00:12:00-04:00,15.2,15.2,12.5,84,1011.4,1008.4,1011.4,5.8,130,SE,7.9,15.2,15.2,0,0,Clear,::CL,CL,0,10
1791433020,2026-10-08T00:17:00-04:00,15.2,15.2,12.7,85,1011.4,1008.4,1011.4,5.4,114,ESE,6.5,15.2,15.2,0,0,Clear,::CL,CL,0,10
1791433380,2026-10-08T00:23:00-04:00,15.2,15.2,12.7,85,1011.4,1008.4,1011.4,6.5,111,ESE,7.2,15.2,15.2,0,0,Clear,::CL,CL,0,10
1791433620,2026-10-08T00:27:00-04:00,15.2,15.2,12.7,85,1011.4,1008.4,1011.4,5.8,116,ESE,6.1,15.2,15.2,0,0,Clear,::CL,CL,0,10
1791433920,2026-10-08T00:32:00-04:00,15.2,15.2,12.7,85,1011.4,1008.4,1011.4,5.4,127,SE,5.4,15.2,15.2,0,0,Clear,::CL,CL,0,10
1791434220,2026-10-08T00:37:00-04:00,15.2,15.2,12.7,85,1011.4,1008.4,1011.4,6.8,132,SE,9.7,15.2,15.2,0,0,Clear,::CL,CL,0,10
1791434580,2026-10-08T00:43:00-04:00,15.2,15.2,12.7,85,1011.4,1008.4,1011.4,5.8,120,ESE,6.8,15.2,15.2,0,0,Clear,::CL,CL,0,10
1791434820,2026-10-08T00:47:00-04:00,15.3,15.3,12.6,84,1011.4,1008.4,1011.4,4.7,131,SE,5.4,15.3,15.3,0,0,Clear,::CL,CL,0,10
1791435120,2026-10-08T00:52:00-04:00,15.3,15.3,12.8,85,1011.4,1008.4,1011.4,6.1,118,ESE,7.9,15.3,15.3,0,0,Clear,::CL,CL,0,10
1791435420,2026-10-08T00:57:00-04:00,15.2,15.2,12.7,85,1011.3,1008.3,1011.3,4,131,SE,4.7,15.2,15.2,0,0,Clear,::CL,CL,0,10
1791435720,2026-10-08T01:02:00-04:00,15.2,15.2,12.7,85,1011.3,1008.3,1011.3,5,110,ESE,5.4,15.2,15.2,0,0,Clear,::CL,CL,0,10
1791436080,2026-10-08T01:08:00-04:00,15.2,15.2,12.7,85,1011.3,1008.3,1011.3,4.7,103,ESE,5.4,15.2,15.2,0,0,Clear,::CL,CL,0,10
1791436320,2026-10-08T01:12:00-04:00,15.2,15.2,12.7,85,1011.2,1008.2,1011.2,6.1,129,SE,6.8,15.2,15.2,0,0,Clear,::CL,CL,0,10
1791436620,2026-10-08T01:17:00-04:00,15.1,15.1,12.8,86,1011.1,1008.1,1011.1,6.1,110,ESE,7.9,15.1,15.1,0,0,Clear,::CL,CL,0,10
1791436920,2026-10-08T01:22:00-04:00,15.1,15.1,12.6,85,1011.1,1008.1,1011.1,5.8,126,SE,6.5,15.1,15.1,0,0,Clear,::CL,CL,0,10
1791437220,2026-10-08T01:27:00-04:00,15.1,15.1,12.6,85,1011.1,1008.1,1011.1,6.1,113,ESE,6.8,15.1,15.1,0,0,Clear,::CL,CL,0,10
1791437520,2026-10-08T01:32:00-04:00,15,15,12.5,85,1011,1008,1011,6.1,119,ESE,6.5,15,15,0,0,Clear,::CL,CL,0,10
1791437820,2026-10-08T01:37:00-04:00,15,15,12.7,86,1010.9,1007.9,1010.9,5.8,114,ESE,6.5,15,15,0,0,Clear,::CL,CL,0,10
1791438120,2026-10-08T01:42:00-04:00,14.9,14.9,12.4,85,1010.9,1007.9,1010.9,6.1,118,ESE,6.8,14.9,14.9,0,0,Clear,::CL,CL,0,10
1791438420,2026-10-08T01:47:00-04:00,14.8,14.8,12.5,86,1010.8,1007.8,1010.8,6.1,123,ESE,7.2,14.8,14.8,0,0,Clear,::CL,CL,0,10
1791438720,2026-10-08T01:52:00-04:00,14.8,14.8,12.5,86,1010.8,1007.8,1010.8,5.8,112,ESE,6.1,14.8,14.8,0,0,Clear,::CL,CL,0,10
1791439020,2026-10-08T01:57:00-04:00,14.7,14.7,12.4,86,1010.7,1007.7,1010.7,6.1,112,ESE,7.9,14.7,14.7,0,0,Clear,::CL,CL,0,10
1791439320,2026-10-08T02:02:00-04:00,14.6,14.6,12.3,86,1010.6,1007.6,1010.6,5.8,129,SE,5.8,14.6,14.6,0,0,Clear,::CL,CL,0,10
1791439620,2026-10-08T02:07:00-04:00,14.6,14.6,12.3,86,1010.5,1007.5,1010.5,5.8,106,ESE,6.5,14.6,14.6,0,0,Clear,::CL,CL,0,10
1791439980,2026-10-08T02:13:00-04:00,14.5,14.5,12,85,1010.5,1007.5,1010.5,5.8,111,ESE,6.8,14.5,14.5,0,0,Clear,::CL,CL,0,10
1791440220,2026-10-08T02:17:00-04:00,14.5,14.5,12,85,1010.5,1007.5,1010.5,6.1,112,ESE,6.8,14.5,14.5,0,0,Clear,::CL,CL,0,10
1791440520,2026-10-08T02:22:00-04:00,14.4,14.4,11.9,85,1010.5,1007.5,1010.5,5.8,125,SE,6.1,14.4,14.4,0,0,Clear,::CL,CL,0,10
1791440820,2026-10-08T02:27:00-04:00,14.4,14.4,11.9,85,1010.5,1007.5,1010.5,5.8,126,SE,5.8,14.4,14.4,0,0,Clear,::CL,CL,0,10
1791441120,2026-10-08T02:32:00-04:00,14.4,14.4,11.7,84,1010.4,1007.4,1010.4,6.5,113,ESE,6.8,14.4,14.4,0,0,Clear,::CL,CL,0,10
1791441420,2026-10-08T02:37:00-04:00,14.5,14.5,11.8,84,1010.4,1007.4,1010.4,5.4,130,SE,5.8,14.5,14.5,0,0,Clear,::CL,CL,0,10
1791441720,2026-10-08T02:42:00-04:00,14.4,14.4,11.7,84,1010.3,1007.3,1010.3,6.1,114,ESE,6.5,14.4,14.4,0,0,Clear,::CL,CL,0,10
1791442020,2026-10-08T02:47:00-04:00,14.4,14.4,11.9,85,1010.2,1007.2,1010.2,5.8,110,ESE,6.5,14.4,14.4,0,0,Clear,::CL,CL,0,10
1791442320,2026-10-08T02:52:00-04:00,14.3,14.3,11.8,85,1010.2,1007.2,1010.2,6.1,109,ESE,6.5,14.3,14.3,0,0,Clear,::CL,CL,0,10
1791442680,2026-10-08T02:58:00-04:00,14.2,14.2,11.9,86,1010.1,1007.1,1010.1,6.1,98,E,6.8,14.2,14.2,0,0,Clear,::CL,CL,0,10
1791442980,2026-10-08T03:03:00-04:00,14.2,14.2,11.9,86,1010.1,1007.1,1010.1,7.6,112,ESE,15.1,14.2,14.2,0,0,Clear,::CL,CL,0,10
1791443220,2026-10-08T03:07:00-04:00,14.2,14.2,11.9,86,1010.1,1007.1,1010.1,7.2,119,ESE,14.4,14.2,14.2,0,0,Clear,::CL,CL,0,10
1791443520,2026-10-08T03:12:00-04:00,14.2,14.2,12.1,87,1010,1007,1010,5.8,122,ESE,6.5,14.2,14.2,0,0,Clear,::CL,CL,0,10
1791443820,2026-10-08T03:17:00-04:00,14.3,14.3,12,86,1010,1007,1010,6.5,127,SE,7.2,14.3,14.3,0,0,Clear,::CL,CL,0,10
1791444120,2026-10-08T03:22:00-04:00,14.4,14.4,12.1,86,1009.9,1006.9,1009.9,7.6,138,SE,11.5,14.4,14.4,0,0,Clear,::CL,CL,0,10
1791444420,2026-10-08T03:27:00-04:00,14.5,14.5,12.2,86,1010,1007,1010,6.5,112,ESE,7.6,14.5,14.5,0,0,Clear,::CL,CL,0,10
1791444720,2026-10-08T03:32:00-04:00,14.5,14.5,12.2,86,1010,1007,1010,5.8,126,SE,5.8,14.5,14.5,0,0,Clear,::CL,CL,0,10
1791445020,2026-10-08T03:37:00-04:00,14.5,14.5,12.2,86,1010,1007,1010,6.5,112,ESE,7.6,14.5,14.5,0,0,Clear,::CL,CL,0,10
1791445320,2026-10-08T03:42:00-04:00,14.5,14.5,12.4,87,1010,1007,1010,6.5,112,ESE,9.7,14.5,14.5,0,0,Clear,::CL,CL,0,10
1791445620,2026-10-08T03:47:00-04:00,14.4,14.4,12.3,87,1010,1007,1010,6.1,120,ESE,6.8,14.4,14.4,0,0,Clear,::CL,CL,0,10
1791445920,2026-10-08T03:52:00-04:00,14.4,14.4,12.4,88,1009.9,1006.9,1009.9,6.1,128,SE,7.2,14.4,14.4,0,0,Clear,::CL,CL,0,10
1791446220,2026-10-08T03:57:00-04:00,14.4,14.4,12.4,88,1009.8,1006.8,1009.8,5.4,114,ESE,7.2,14.4,14.4,0,0,Clear,::CL,CL,0,10
1791446520,2026-10-08T04:02:00-04:00,14.4,14.4,12.4,88,1009.7,1006.7,1009.7,7.2,91,E,7.9,14.4,14.4,0,0,Clear,::CL,CL,0,10
1791446820,2026-10-08T04:07:00-04:00,14.5,14.5,12.4,87,1009.5,1006.5,1009.5,4.7,123,ESE,5,14.5,14.5,0,0,Clear,::CL,CL,0,10
1791447120,2026-10-08T04:12:00-04:00,14.7,14.7,12.4,86,1009.5,1006.5,1009.5,7.9,138,SE,16.2,14.7,14.7,0,0,Clear,::CL,CL,0,10
1791447420,2026-10-08T04:17:00-04:00,14.8,14.8,12.5,86,1009.5,1006.5,1009.5,6.1,118,ESE,7.2,14.8,14.8,0,0,Clear,::CL,CL,0,10
1791447720,2026-10-08T04:22:00-04:00,14.8,14.8,12.5,86,1009.4,1006.4,1009.4,5.8,110,ESE,7.6,14.8,14.8,0,0,Clear,::CL,CL,0,10
1791448020,2026-10-08T04:27:00-04:00,14.8,14.8,12.5,86,1009.4,1006.4,1009.4,5.8,118,ESE,6.5,14.8,14.8,0,0,Clear,::CL,CL,0,10
1791448320,2026-10-08T04:32:00-04:00,14.8,14.8,12.5,86,1009.4,1006.4,1009.4,5.8,113,ESE,7.6,14.8,14.8,0,0,Clear,::CL,CL,0,10
1791448620,2026-10-08T04:37:00-04:00,14.8,14.8,12.5,86,1009.3,1006.3,1009.3,5.8,96,E,6.1,14.8,14.8,0,0,Clear,::CL,CL,0,10
1791448920,2026-10-08T04:42:00-04:00,14.9,14.9,12.6,86,1009.3,1006.3,1009.3,6.8,111,ESE,7.6,14.9,14.9,0,0,Clear,::CL,CL,0,10
1791449220,2026-10-08T04:47:00-04:00,14.8,14.8,12.5,86,1009.4,1006.4,1009.4,6.1,107,ESE,7.6,14.8,14.8,0,0,Clear,::CL,CL,0,10
1791449520,2026-10-08T04:52:00-04:00,14.8,14.8,12.5,86,1009.4,1006.4,1009.4,5.8,123,ESE,6.8,14.8,14.8,0,0,Clear,::CL,CL,0,10
1791449820,2026-10-08T04:57:00-04:00,14.8,14.8,12.5,86,1009.5,1006.5,1009.5,6.1,124,SE,7.2,14.8,14.8,0,0,Clear,::CL,CL,0,10
1791450120,2026-10-08T05:02:00-04:00,14.8,14.8,12.5,86,1009.5,1006.5,1009.5,6.1,92,E,6.8,14.8,14.8,0,0,Clear,::CL,CL,0,10
1791450420,2026-10-08T05:07:00-04:00,14.9,14.9,12.6,86,1009.6,1006.6,1009.6,6.8,125,SE,7.6,14.9,14.9,0,0,Clear,::CL,CL,0,10
1791450720,2026-10-08T05:12:00-04:00,14.9,14.9,12.6,86,1009.7,1006.7,1009.7,5,134,SE,6.5,14.9,14.9,0,0,Clear,::CL,CL,0,10
1791451080,2026-10-08T05:18:00-04:00,14.9,14.9,12.6,86,1009.8,1006.8,1009.8,6.5,109,ESE,7.2,14.9,14.9,0,0,Clear,::CL,CL,0,10
1791451320,2026-10-08T05:22:00-04:00,14.8,14.8,12.7,87,1009.7,1006.7,1009.7,6.1,116,ESE,6.8,14.8,14.8,0,0,Clear,::CL,CL,0,10
1791451620,2026-10-08T05:27:00-04:00,14.8,14.8,12.7,87,1009.6,1006.6,1009.6,5.8,113,ESE,6.8,14.8,14.8,0,0,Clear,::CL,CL,0,10
1791451920,2026-10-08T05:32:00-04:00,14.7,14.7,12.6,87,1009.6,1006.6,1009.6,6.5,120,ESE,6.8,14.7,14.7,0,0,Clear,::CL,CL,0,10
1791452220,2026-10-08T05:37:00-04:00,14.7,14.7,12.6,87,1009.6,1006.6,1009.6,6.1,95,E,6.1,14.7,14.7,0,0,Clear,::CL,CL,0,10
1791452520,2026-10-08T05:42:00-04:00,14.7,14.7,12.7,88,1009.6,1006.6,1009.6,5.8,129,SE,6.1,14.7,14.7,0,0,Clear,::CL,CL,0,10
1791452820,2026-10-08T05:47:00-04:00,14.6,14.6,12.6,88,1009.6,1006.6,1009.6,7.6,142,SE,9.4,14.6,14.6,0,0,Clear,::CL,CL,0,10
1791453120,2026-10-08T05:52:00-04:00,14.6,14.6,12.6,88,1009.6,1006.6,1009.6,6.5,118,ESE,7.2,14.6,14.6,0,0,Clear,::CL,CL,0,10
1791453420,2026-10-08T05:57:00-04:00,14.6,14.6,12.8,89,1009.5,1006.5,1009.5,6.5,109,ESE,7.6,14.6,14.6,0,0,Clear,::CL,CL,0,10
1791453720,2026-10-08T06:02:00-04:00,14.5,14.5,12.7,89,1009.4,1006.4,1009.4,7.9,215,SW,13.3,14.5,14.5,0,0,Clear,::CL,CL,0,10
1791454020,2026-10-08T06:07:00-04:00,14.4,14.4,12.6,89,1009.4,1006.4,1009.4,6.8,122,ESE,10.1,14.4,14.4,0,0,Clear,::CL,CL,0,10
1791454320,2026-10-08T06:12:00-04:00,14.4,14.4,12.8,90,1009.5,1006.5,1009.5,5.4,116,ESE,6.5,14.4,14.4,0,0,Clear,::CL,CL,0,10
1791454680,2026-10-08T06:18:00-04:00,14.4,14.4,12.8,90,1009.5,1006.5,1009.5,6.1,103,ESE,6.5,14.4,14.4,0,0,Clear,::CL,CL,0,10
1791454920,2026-10-08T06:22:00-04:00,14.4,14.4,12.8,90,1009.5,1006.5,1009.5,7.2,118,ESE,10.8,14.4,14.4,0,0,Clear,::CL,CL,0,10
1791455220,2026-10-08T06:27:00-04:00,14.3,14.3,12.7,90,1009.5,1006.5,1009.5,6.5,125,SE,8.6,14.3,14.3,0,0,Clear,::CL,CL,0,10
1791455580,2026-10-08T06:33:00-04:00,14.2,14.2,12.8,91,1009.4,1006.4,1009.4,5.8,123,ESE,6.1,14.2,14.2,0,0,Clear,::CL,CL,0,10
1791455820,2026-10-08T06:37:00-04:00,14.2,14.2,12.8,91,1009.4,1006.4,1009.4,5.8,130,SE,6.5,14.2,14.2,0,0,Clear,::CL,CL,0,10
1791456120,2026-10-08T06:42:00-04:00,14.1,14.1,12.7,91,1009.6,1006.6,1009.6,6.1,124,SE,6.5,14.1,14.1,0,0,Clear,::CL,CL,0,10
1791456420,2026-10-08T06:47:00-04:00,14,14,12.7,92,1009.7,1006.7,1009.7,5.8,112,ESE,6.1,14,14,0,1,Clear,::CL,CL,0,10
1791456720,2026-10-08T06:52:00-04:00,14,14,12.7,92,1009.7,1006.7,1009.7,6.8,116,ESE,7.6,14,14,0,2,Clear,::CL,CL,0.01,10
1791457020,2026-10-08T06:57:00-04:00,13.9,13.9,12.6,92,1009.8,1006.8,1009.8,5.8,97,E,6.5,13.9,13.9,0,3,Clear,::CL,CL,0.02,10
1791457320,2026-10-08T07:02:00-04:00,13.9,13.9,12.6,92,1009.8,1006.8,1009.8,5.4,86,E,5.8,13.9,13.9,0,6,Sunny,::CL,CL,0.04,10
1791457620,2026-10-08T07:07:00-04:00,13.8,13.8,12.7,93,1009.8,1006.8,1009.8,5.8,121,ESE,6.1,13.8,13.8,0,9,Sunny,::CL,CL,0.06,10
1791457920,2026-10-08T07:12:00-04:00,13.8,13.8,12.7,93,1009.8,1006.8,1009.8,6.1,108,ESE,6.1,13.8,13.8,0,12,Sunny,::CL,CL,0.09,10
1791458220,2026-10-08T07:17:00-04:00,13.8,13.8,12.7,93,1009.8,1006.8,1009.8,5.8,113,ESE,6.5,13.8,13.8,0,16,Sunny,::CL,CL,0.11,10
1791458520,2026-10-08T07:22:00-04:00,13.8,13.8,12.7,93,1009.9,1006.9,1009.9,6.5,117,ESE,7.9,13.8,13.8,0,19,Sunny,::CL,CL,0.14,10
1791458820,2026-10-08T07:27:00-04:00,13.8,13.8,12.7,93,1009.9,1006.9,1009.9,6.1,108,ESE,6.1,13.8,13.8,0,23,Sunny,::CL,CL,0.16,10
1791459120,2026-10-08T07:32:00-04:00,13.8,13.8,12.7,93,1009.9,1006.9,1009.9,5.8,121,ESE,6.1,13.8,13.8,0,27,Sunny,::CL,CL,0.19,10
1791459420,2026-10-08T07:37:00-04:00,13.9,13.9,12.8,93,1009.9,1006.9,1009.9,5.4,90,E,5.8,13.9,13.9,0,31,Sunny,::CL,CL,0.22,10
1791459720,2026-10-08T07:42:00-04:00,14,14,12.9,93,1010,1007,1010,5.4,101,E,5.4,14,14,0,34,Sunny,::CL,CL,0.25,10
1791460080,2026-10-08T07:48:00-04:00,14.1,14.1,12.8,92,1010,1007,1010,5.4,127,SE,6.1,14.1,14.1,0,40,Sunny,::CL,CL,0.28,10
1791460320,2026-10-08T07:52:00-04:00,14.3,14.3,13,92,1010,1007,1010,10.1,178,S,17.3,14.3,14.3,0,44,Sunny,::CL,CL,0.31,10
1791460620,2026-10-08T07:57:00-04:00,14.5,14.5,13,91,1010,1007,1010,6.5,112,ESE,9.4,14.5,14.5,0,48,Sunny,::CL,CL,0.34,10
1791460920,2026-10-08T08:02:00-04:00,14.7,14.7,13.1,90,1010.1,1007.1,1010.1,6.1,107,ESE,7.6,14.7,14.7,0,68,Sunny,::CL,CL,0.49,10
1791461220,2026-10-08T08:07:00-04:00,14.9,14.9,13.1,89,1010.1,1007.1,1010.1,5,123,ESE,7.9,14.9,14.9,0,93,Sunny,::CL,CL,0.67,10
1791461520,2026-10-08T08:12:00-04:00,15.3,15.3,13.5,89,1010.1,1007.1,1010.1,5,103,ESE,5.8,15.3,15.3,0,91,Sunny,::CL,CL,0.66,10
1791461820,2026-10-08T08:17:00-04:00,15.6,15.6,13.6,88,1010.2,1007.2,1010.2,3.6,129,SE,4.3,15.6,15.6,0,95,Sunny,::CL,CL,0.69,10
1791462180,2026-10-08T08:23:00-04:00,15.8,15.8,13.6,87,1010.1,1007.1,1010.1,4,111,ESE,4.7,15.8,15.8,0,95,Sunny,::CL,CL,0.69,10
1791462420,2026-10-08T08:27:00-04:00,15.9,15.9,13.7,87,1010.2,1007.2,1010.2,3.2,141,SE,3.6,15.9,15.9,0,135,Sunny,::CL,CL,0.97,10
1791462720,2026-10-08T08:32:00-04:00,16,16,13.8,87,1010.2,1007.2,1010.2,3.2,98,E,4,16,16,0,97,Sunny,::CL,CL,0.7,10
1791463020,2026-10-08T08:37:00-04:00,16.1,16.1,13.9,87,1010.3,1007.3,1010.3,3.6,75,ENE,4.3,16.1,16.1,0,91,Sunny,::CL,CL,0.66,10
1791463320,2026-10-08T08:42:00-04:00,16.1,16.1,13.8,86,1010.2,1007.2,1010.2,3.6,84,E,4,16.1,16.1,0,110,Sunny,::CL,CL,0.79,10
1791463620,2026-10-08T08:47:00-04:00,16.1,16.1,13.9,87,1010.2,1007.2,1010.2,2.9,130,SE,3.2,16.1,16.1,0,95,Sunny,::CL,CL,0.69,10
1791463920,2026-10-08T08:52:00-04:00,16,16,13.7,86,1010.3,1007.3,1010.3,3.2,77,ENE,4,16,16,0,81,Sunny,::CL,CL,0.59,10
1791464220,2026-10-08T08:57:00-04:00,16.1,16.1,13.6,85,1010.3,1007.3,1010.3,3.2,75,ENE,4,16.1,16.1,0,221,Sunny,::CL,CL,1.6,10
1791464520,2026-10-08T09:02:00-04:00,16.5,16.5,13.8,84,1010.3,1007.3,1010.3,3.2,101,E,3.6,16.5,16.5,0,222,Sunny,::CL,CL,1.61,10
1791464820,2026-10-08T09:07:00-04:00,16.9,16.9,13.8,82,1010.3,1007.3,1010.3,2.9,93,E,2.9,16.9,16.9,0,252,Sunny,::CL,CL,1.82,10
1791465120,2026-10-08T09:12:00-04:00,17.4,17.4,13.9,80,1010.2,1007.2,1010.2,4.7,143,SE,11.2,17.4,17.4,0,272,Sunny,::CL,CL,1.97,10
1791465420,2026-10-08T09:17:00-04:00,17.8,17.8,14.1,79,1010.2,1007.2,1010.2,5.8,128,SE,9.4,17.8,17.8,0,290,Sunny,::CL,CL,2.1,10
1791465720,2026-10-08T09:22:00-04:00,18.1,18.1,14.4,79,1010.3,1007.3,1010.3,8.3,168,SSE,13,18.1,18.1,0,325,Mostly Cloudy,::BK,BK,2.36,10
1791466020,2026-10-08T09:27:00-04:00,18,18,14.3,79,1010.2,1007.2,1010.2,5.8,186,S,10.8,18,18,0,288,Mostly Cloudy,::BK,BK,2.09,10
1791466320,2026-10-08T09:32:00-04:00,18.1,18.1,14.2,78,1010.2,1007.2,1010.2,7.2,191,S,11.2,18.1,18.1,0,327,Mostly Cloudy,::BK,BK,2.37,10
1791466620,2026-10-08T09:37:00-04:00,18.4,18.4,14.5,78,1010.2,1007.2,1010.2,6.5,179,S,9.4,18.4,18.4,0,345,Mostly Cloudy,::BK,BK,2.5,10
1791466920,2026-10-08T09:42:00-04:00,18.6,18.6,14.3,76,1010.1,1007.2,1010.2,6.1,128,SE,10.8,18.6,18.6,0,385,Mostly Cloudy,::BK,BK,2.8,10
1791467220,2026-10-08T09:47:00-04:00,18.8,18.8,14.5,76,1010.2,1007.3,1010.3,2.5,113,ESE,3.6,18.8,18.8,0,419,Mostly Cloudy,::BK,BK,3.03,10
1791467520,2026-10-08T09:52:00-04:00,19.3,19.3,14.5,74,1010.2,1007.3,1010.3,4,124,SE,11.2,19.3,19.3,0,351,Mostly Cloudy,::BK,BK,2.55,10
1791467880,2026-10-08T09:58:00-04:00,19.6,19.6,14.4,72,1010.2,1007.3,1010.3,2.9,109,ESE,3.6,19.6,19.6,0,390,Mostly Cloudy,::BK,BK,2.83,10
1791468120,2026-10-08T10:02:00-04:00,19.6,19.6,14.4,72,1010.2,1007.3,1010.3,4.3,109,ESE,5.8,19.6,19.6,0,404,Mostly Cloudy,::BK,BK,2.93,10
1791468420,2026-10-08T10:07:00-04:00,19.5,19.5,14.3,72,1010.2,1007.3,1010.3,3.2,148,SSE,5.4,19.5,19.5,0,424,Mostly Cloudy,::BK,BK,3.08,10
1791468780,2026-10-08T10:13:00-04:00,19.4,19.4,14.2,72,1010.2,1007.3,1010.3,4,102,ESE,4.3,19.4,19.4,0,440,Mostly Cloudy,::BK,BK,3.19,10
1791469020,2026-10-08T10:17:00-04:00,19.5,19.5,14.3,72,1010.2,1007.3,1010.3,3.2,102,ESE,4,19.5,19.5,0,454,Partly Cloudy,::SC,SC,3.29,10
1791469320,2026-10-08T10:22:00-04:00,19.8,19.8,14.2,70,1010.2,1007.3,1010.3,3.6,90,E,5,19.8,19.8,0,466,Partly Cloudy,::SC,SC,3.38,10
1791469620,2026-10-08T10:27:00-04:00,19.9,19.9,14.3,70,1010.2,1007.3,1010.3,5.4,112,ESE,11.9,19.9,19.9,0,480,Partly Cloudy,::SC,SC,3.49,10
1791469920,2026-10-08T10:32:00-04:00,20.1,20.1,14.5,70,1010.2,1007.3,1010.3,7.2,11,N,18.7,20.1,20.1,0,490,Partly Cloudy,::SC,SC,3.56,10
1791470220,2026-10-08T10:37:00-04:00,20.4,20.4,14.3,68,1010.3,1007.4,1010.4,4,94,E,6.8,20.4,20.4,0,499,Partly Cloudy,::SC,SC,3.62,10
1791470580,2026-10-08T10:43:00-04:00,20.5,20.5,14.4,68,1010.2,1007.3,1010.3,3.2,94,E,3.6,20.5,20.5,0,514,Partly Cloudy,::SC,SC,3.73,10
1791470820,2026-10-08T10:47:00-04:00,20.6,20.6,14.3,67,1010.3,1007.4,1010.4,4.7,89,E,5,20.6,20.6,0,520,Partly Cloudy,::SC,SC,3.77,10
1791471120,2026-10-08T10:52:00-04:00,21.1,21.1,14.5,66,1010.3,1007.4,1010.4,3.6,85,E,4,21.1,21.1,0,529,Partly Cloudy,::SC,SC,3.83,10
1791471420,2026-10-08T10:57:00-04:00,21.4,21.4,14.5,65,1010.3,1007.4,1010.4,4,91,E,4.3,21.4,21.4,0,539,Partly Cloudy,::SC,SC,3.91,10
1791471720,2026-10-08T11:02:00-04:00,21.3,21.3,14.5,65,1010.2,1007.3,1010.3,4.7,85,E,5,21.3,21.3,0,552,Partly Cloudy,::SC,SC,4.01,10
1791472020,2026-10-08T11:07:00-04:00,21.4,21.4,14.3,64,1010.3,1007.4,1010.4,3.6,89,E,4.7,21.4,21.4,0,568,Partly Cloudy,::SC,SC,4.12,10
1791472320,2026-10-08T11:12:00-04:00,21.4,21.4,14.3,64,1010.3,1007.4,1010.4,3.6,90,E,4,21.4,21.4,0,573,Partly Cloudy,::SC,SC,4.16,10
1791472620,2026-10-08T11:17:00-04:00,21.7,21.7,14.6,64,1010.3,1007.4,1010.4,3.6,90,E,4.3,21.7,21.7,0,584,Partly Cloudy,::SC,SC,4.23,10
1791472920,2026-10-08T11:22:00-04:00,21.9,21.9,14.5,63,1010.4,1007.5,1010.5,3.6,87,E,4.7,21.9,21.9,0,590,Sunny,::CL,CL,4.28,10
1791473220,2026-10-08T11:27:00-04:00,22,22,14.1,61,1010.5,1007.6,1010.6,3.2,84,E,3.6,22,22,0,601,Sunny,::CL,CL,4.36,10
1791473520,2026-10-08T11:32:00-04:00,22,22,14.1,61,1010.4,1007.5,1010.5,3.6,90,E,4.3,22,22,0,608,Sunny,::CL,CL,4.41,10
1791473820,2026-10-08T11:37:00-04:00,21.9,21.9,14,61,1010.4,1007.5,1010.5,4,89,E,5,21.9,21.9,0,612,Sunny,::CL,CL,4.44,10
1791474120,2026-10-08T11:42:00-04:00,22.1,22.1,14,60,1010.4,1007.5,1010.5,3.6,89,E,4.3,22.1,22.1,0,619,Sunny,::CL,CL,4.49,10
1791474420,2026-10-08T11:47:00-04:00,22.1,22.1,14.2,61,1010.4,1007.5,1010.5,4,93,E,4.7,22.1,22.1,0,626,Sunny,::CL,CL,4.54,10
1791474780,2026-10-08T11:53:00-04:00,22.2,22.2,14.1,60,1010.4,1007.5,1010.5,4,89,E,4.7,22.2,22.2,0,629,Sunny,::CL,CL,4.56,10
1791475020,2026-10-08T11:57:00-04:00,22.3,22.3,13.9,59,1010.4,1007.5,1010.5,4.3,114,ESE,4.3,22.3,22.3,0,634,Sunny,::CL,CL,4.61,10
1791475320,2026-10-08T12:02:00-04:00,22.3,22.3,13.9,59,1010.4,1007.5,1010.5,3.2,88,E,4.7,22.3,22.3,0,642,Sunny,::CL,CL,4.66,10
1791475620,2026-10-08T12:07:00-04:00,22.4,22.4,14,59,1010.4,1007.5,1010.5,2.5,88,E,2.9,22.4,22.4,0,633,Sunny,::CL,CL,4.6,10
1791475920,2026-10-08T12:12:00-04:00,22.6,22.6,13.9,58,1010.3,1007.4,1010.4,3.2,89,E,4,22.6,22.6,0,87,Sunny,::CL,CL,0.63,10
1791476220,2026-10-08T12:17:00-04:00,22.9,22.9,13.7,56,1010.3,1007.4,1010.4,3.6,84,E,4.3,22.9,22.9,0,76,Sunny,::CL,CL,0.55,10
1791476580,2026-10-08T12:23:00-04:00,22.9,22.9,13.7,56,1010.3,1007.4,1010.4,4.3,90,E,5.4,22.9,22.9,0,654,Sunny,::CL,CL,4.74,10
1791476820,2026-10-08T12:27:00-04:00,23.2,23.2,13.4,54,1010.3,1007.4,1010.4,4,92,E,4.3,23.2,23.2,0,645,Sunny,::CL,CL,4.68,10
1791477120,2026-10-08T12:32:00-04:00,23.2,23.2,13.7,55,1010.3,1007.4,1010.4,4,87,E,4.3,23.2,23.2,0,654,Sunny,::CL,CL,4.74,10
1791477480,2026-10-08T12:38:00-04:00,23.5,23.5,13.7,54,1010.4,1007.5,1010.5,4.3,96,E,5,23.5,23.5,0,650,Sunny,::CL,CL,4.72,10
1791477720,2026-10-08T12:42:00-04:00,23.6,23.6,14,55,1010.3,1007.4,1010.4,3.6,89,E,4.7,23.6,23.6,0,652,Sunny,::CL,CL,4.73,10
1791478080,2026-10-08T12:48:00-04:00,23.6,23.6,13.5,53,1010.3,1007.4,1010.4,3.6,94,E,4,23.6,23.6,0,651,Sunny,::CL,CL,4.72,10
1791478320,2026-10-08T12:52:00-04:00,23.6,23.6,12.9,51,1010.3,1007.4,1010.4,4,91,E,4.7,23.6,23.6,0,660,Sunny,::CL,CL,4.79,10
1791478620,2026-10-08T12:57:00-04:00,23.7,23.7,13.3,52,1010.3,1007.4,1010.4,2.2,250,WSW,2.5,23.7,23.7,0,656,Sunny,::CL,CL,4.76,10
1791478920,2026-10-08T13:02:00-04:00,23.8,23.8,13.1,51,1010.3,1007.4,1010.4,5.4,246,WSW,8.6,23.8,23.8,0,651,Sunny,::CL,CL,4.72,10
1791479220,2026-10-08T13:07:00-04:00,23.8,23.8,12.8,50,1010.3,1007.4,1010.4,4.7,303,WNW,8.6,23.8,23.8,0,652,Sunny,::CL,CL,4.73,10
1791479520,2026-10-08T13:12:00-04:00,23.9,23.9,13.2,51,1010.1,1007.2,1010.2,2.2,303,WNW,5,23.9,23.9,0,650,Sunny,::CL,CL,4.71,10
1791479820,2026-10-08T13:17:00-04:00,24,24,11.7,46,1010.1,1007.2,1010.2,4,311,NW,6.8,24,24,0,643,Sunny,::CL,CL,4.66,10
1791480120,2026-10-08T13:22:00-04:00,24.2,24.2,11.2,44,1010.1,1007.2,1010.2,3.2,308,NW,4.7,24.2,24.2,0,646,Sunny,::CL,CL,4.69,10
1791480420,2026-10-08T13:27:00-04:00,24.2,24.2,10.5,42,1010,1007.1,1010.1,3.2,269,W,6.1,24.2,24.2,0,646,Sunny,::CL,CL,4.69,10
1791480720,2026-10-08T13:32:00-04:00,24.3,24.3,10.6,42,1009.9,1007,1010,4.3,289,WNW,5.8,24.3,24.3,0,645,Sunny,::CL,CL,4.68,10
1791481020,2026-10-08T13:37:00-04:00,24.3,24.3,10.6,42,1009.9,1007,1010,4.7,299,WNW,7.9,24.3,24.3,0,650,Sunny,::CL,CL,4.71,10
1791481320,2026-10-08T13:42:00-04:00,24.5,24.5,10,40,1009.9,1007,1010,5,343,NNW,6.1,24.5,24.5,0,658,Sunny,::CL,CL,4.78,10
1791481680,2026-10-08T13:48:00-04:00,24.8,24.8,9.9,39,1009.9,1007,1010,5,305,NW,8.6,24.8,24.8,0,676,Sunny,::CL,CL,4.91,10
1791481920,2026-10-08T13:52:00-04:00,25,25,10.1,39,1009.9,1007,1010,5,255,WSW,7.6,25,25,0,675,Sunny,::CL,CL,4.9,10
1791482220,2026-10-08T13:57:00-04:00,25,25,9.7,38,1009.9,1007,1010,3.2,290,WNW,5.4,25,25,0,677,Sunny,::CL,CL,4.91,10
1791482520,2026-10-08T14:02:00-04:00,24.9,24.9,9.6,38,1009.9,1007,1010,4,296,WNW,11.2,24.9,24.9,0,675,Sunny,::CL,CL,4.9,10
1791482820,2026-10-08T14:07:00-04:00,24.9,24.9,9.6,38,1009.9,1007,1010,4.3,319,NW,11.2,24.9,24.9,0,658,Sunny,::CL,CL,4.78,10
1791483120,2026-10-08T14:12:00-04:00,24.8,24.8,9.9,39,1010,1007.1,1010.1,4.7,304,NW,7.6,24.8,24.8,0,607,Sunny,::CL,CL,4.41,10
1791483420,2026-10-08T14:17:00-04:00,24.9,24.9,10,39,1009.9,1007,1010,6.5,239,WSW,10.4,24.9,24.9,0,493,Sunny,::CL,CL,3.58,10
1791483720,2026-10-08T14:22:00-04:00,24.6,24.6,9.7,39,1010,1007.1,1010.1,3.6,274,W,7.6,24.6,24.6,0,507,Sunny,::CL,CL,3.68,10
1791484020,2026-10-08T14:27:00-04:00,24.6,24.6,9.7,39,1010,1007.1,1010.1,3.6,273,W,6.5,24.6,24.6,0,636,Sunny,::CL,CL,4.62,10
1791484320,2026-10-08T14:32:00-04:00,24.7,24.7,9.8,39,1010,1007.1,1010.1,0.7,357,N,2.5,24.7,24.7,0,622,Sunny,::CL,CL,4.52,10
1791484680,2026-10-08T14:38:00-04:00,24.7,24.7,9.4,38,1010,1007.1,1010.1,4.3,326,NW,7.9,24.7,24.7,0,510,Sunny,::CL,CL,3.71,10
1791484920,2026-10-08T14:42:00-04:00,24.6,24.6,9.7,39,1010.1,1007.2,1010.2,4.7,269,W,11.9,24.6,24.6,0,476,Sunny,::CL,CL,3.45,10
1791485220,2026-10-08T14:47:00-04:00,24.5,24.5,9.6,39,1010,1007.1,1010.1,4,248,WSW,11.5,24.5,24.5,0,546,Sunny,::CL,CL,3.96,10
1791485520,2026-10-08T14:52:00-04:00,24.4,24.4,10.3,41,1010.1,1007.2,1010.2,2.2,310,NW,4,24.4,24.4,0,388,Sunny,::CL,CL,2.82,10
1791485820,2026-10-08T14:57:00-04:00,24.4,24.4,9.6,39,1010.2,1007.3,1010.3,3.6,297,WNW,6.8,24.4,24.4,0,283,Sunny,::CL,CL,2.05,10
1791486120,2026-10-08T15:02:00-04:00,24.1,24.1,9.3,39,1010.2,1007.3,1010.3,3.2,301,WNW,5.8,24.1,24.1,0,214,Sunny,::CL,CL,1.55,10
1791486420,2026-10-08T15:07:00-04:00,23.8,23.8,9.4,40,1010.2,1007.3,1010.3,6.1,211,SSW,9.7,23.8,23.8,0,269,Sunny,::CL,CL,1.95,10
1791486720,2026-10-08T15:12:00-04:00,23.7,23.7,9.3,40,1010.3,1007.4,1010.4,2.9,326,NW,5,23.7,23.7,0,342,Sunny,::CL,CL,2.48,10
1791487020,2026-10-08T15:17:00-04:00,23.9,23.9,9.8,41,1010.2,1007.3,1010.3,2.2,301,WNW,9,23.9,23.9,0,500,Sunny,::CL,CL,3.63,10
1791487320,2026-10-08T15:22:00-04:00,24.2,24.2,9.4,39,1010.2,1007.3,1010.3,2.5,257,WSW,7.2,24.2,24.2,0,169,Sunny,::CL,CL,1.22,10
1791487620,2026-10-08T15:27:00-04:00,23.9,23.9,9.8,41,1010.2,1007.3,1010.3,1.1,256,WSW,5,23.9,23.9,0,132,Sunny,::CL,CL,0.95,10
1791487920,2026-10-08T15:32:00-04:00,23.4,23.4,9.4,41,1010.2,1007.3,1010.3,2.9,242,WSW,5,23.4,23.4,0,93,Sunny,::CL,CL,0.67,10
1791488220,2026-10-08T15:37:00-04:00,23.1,23.1,9.5,42,1010.2,1007.3,1010.3,3.2,236,SW,5,23.1,23.1,0,90,Sunny,::CL,CL,0.65,10
1791488520,2026-10-08T15:42:00-04:00,22.8,22.8,8.9,41,1010.2,1007.3,1010.3,5,302,WNW,7.2,22.8,22.8,0,134,Sunny,::CL,CL,0.97,10
1791488820,2026-10-08T15:47:00-04:00,22.9,22.9,9,41,1010.3,1007.4,1010.4,2.5,318,NW,4,22.9,22.9,0,115,Sunny,::CL,CL,0.83,10
1791489120,2026-10-08T15:52:00-04:00,23.3,23.3,8.9,40,1010.3,1007.4,1010.4,3.2,356,N,5,23.3,23.3,0,192,Sunny,::CL,CL,1.39,10
1791489420,2026-10-08T15:57:00-04:00,23.6,23.6,8.8,39,1010.4,1007.5,1010.5,2.9,301,WNW,4.3,23.6,23.6,0,164,Sunny,::CL,CL,1.19,10
1791489720,2026-10-08T16:02:00-04:00,23.7,23.7,8.5,38,1010.4,1007.5,1010.5,4,12,NNE,5,23.7,23.7,0,190,Mostly Sunny,::FW,FW,1.37,10
1791490080,2026-10-08T16:08:00-04:00,24.1,24.1,8.9,38,1010.4,1007.5,1010.5,0.4,345,NNW,1.8,24.1,24.1,0,321,Mostly Sunny,::FW,FW,2.33,10
1791490320,2026-10-08T16:12:00-04:00,24.4,24.4,8.8,37,1010.3,1007.4,1010.4,1.4,328,NNW,4,24.4,24.4,0,350,Mostly Sunny,::FW,FW,2.53,10
1791490620,2026-10-08T16:17:00-04:00,24.5,24.5,9.3,38,1010.4,1007.5,1010.5,1.4,290,WNW,2.9,24.5,24.5,0,357,Sunny,::CL,CL,2.59,10
1791490920,2026-10-08T16:22:00-04:00,24.9,24.9,9.2,37,1010.4,1007.5,1010.5,3.2,337,NNW,6.8,24.9,24.9,0,282,Sunny,::CL,CL,2.05,10
1791491220,2026-10-08T16:27:00-04:00,24.7,24.7,9.4,38,1010.5,1007.6,1010.6,2.2,315,NW,4.7,24.7,24.7,0,119,Sunny,::CL,CL,0.86,10
1791491520,2026-10-08T16:32:00-04:00,24.2,24.2,9,38,1010.5,1007.6,1010.6,3.2,310,NW,7.2,24.2,24.2,0,267,Sunny,::CL,CL,1.93,10
1791491880,2026-10-08T16:38:00-04:00,24.4,24.4,9.2,38,1010.6,1007.7,1010.7,2.5,343,NNW,4.7,24.4,24.4,0,265,Sunny,::CL,CL,1.92,10
1791492120,2026-10-08T16:42:00-04:00,24.6,24.6,9.3,38,1010.7,1007.8,1010.8,2.9,91,E,5,24.6,24.6,0,140,Mostly Sunny,::FW,FW,1.01,10
1791492420,2026-10-08T16:47:00-04:00,24.8,24.8,9.5,38,1010.8,1007.9,1010.9,4.7,85,E,11.5,24.8,24.8,0,254,Mostly Sunny,::FW,FW,1.84,10
1791492720,2026-10-08T16:52:00-04:00,25,25,9.3,37,1010.8,1007.9,1010.9,4.7,92,E,6.8,25,25,0,210,Mostly Sunny,::FW,FW,1.52,10
1791493020,2026-10-08T16:57:00-04:00,24.9,24.9,9.2,37,1010.9,1008,1011,5,92,E,6.1,24.9,24.9,0,181,Mostly Cloudy,::BK,BK,1.32,10
1791493320,2026-10-08T17:02:00-04:00,24.9,24.9,9.2,37,1011,1008.1,1011.1,4.7,92,E,6.5,24.9,24.9,0,162,Mostly Cloudy,::BK,BK,1.17,10
1791493620,2026-10-08T17:07:00-04:00,24.9,24.9,9.6,38,1011,1008.1,1011.1,5.4,91,E,7.2,24.9,24.9,0,145,Mostly Cloudy,::BK,BK,1.05,10
1791493920,2026-10-08T17:12:00-04:00,24.9,24.9,8.8,36,1011.2,1008.3,1011.3,4.3,93,E,6.1,24.9,24.9,0,131,Mostly Cloudy,::BK,BK,0.95,10
1791494220,2026-10-08T17:17:00-04:00,24.7,24.7,9,37,1011.3,1008.4,1011.4,5.4,92,E,6.5,24.7,24.7,0,118,Mostly Cloudy,::BK,BK,0.85,10
1791494580,2026-10-08T17:23:00-04:00,24.4,24.4,8.8,37,1011.3,1008.4,1011.4,5,91,E,5.8,24.4,24.4,0,102,Mostly Cloudy,::BK,BK,0.74,10
1791494820,2026-10-08T17:27:00-04:00,24.4,24.4,8.8,37,1011.3,1008.4,1011.4,5,91,E,6.5,24.4,24.4,0,93,Partly Cloudy,::SC,SC,0.67,10
1791495120,2026-10-08T17:32:00-04:00,24.2,24.2,9,38,1011.5,1008.6,1011.6,5,94,E,6.5,24.2,24.2,0,82,Partly Cloudy,::SC,SC,0.59,10
1791495480,2026-10-08T17:38:00-04:00,24,24,8.4,37,1011.6,1008.7,1011.7,5,95,E,6.5,24,24,0,66,Mostly Cloudy,::BK,BK,0.48,10
1791495720,2026-10-08T17:42:00-04:00,23.9,23.9,8.3,37,1011.7,1008.8,1011.8,5,93,E,6.8,23.9,23.9,0,57,Mostly Cloudy,::BK,BK,0.41,10
1791496020,2026-10-08T17:47:00-04:00,23.7,23.7,8.1,37,1011.7,1008.8,1011.8,5.4,95,E,6.8,23.7,23.7,0,45,Mostly Cloudy,::BK,BK,0.31,10
1791496320,2026-10-08T17:52:00-04:00,23.3,23.3,8.2,38,1011.7,1008.8,1011.8,3.6,93,E,5.4,23.3,23.3,0,26,Mostly Cloudy,::BK,BK,0.19,10
1791496620,2026-10-08T17:57:00-04:00,22.8,22.8,8.5,40,1011.8,1008.9,1011.9,2.9,90,E,7.9,22.8,22.8,0,23,Mostly Cloudy,::BK,BK,0.16,10
1791496920,2026-10-08T18:02:00-04:00,22.4,22.4,8.1,40,1011.9,1009,1012,3.2,91,E,6.1,22.4,22.4,0,19,Mostly Cloudy,::BK,BK,0.14,10
1791497220,2026-10-08T18:07:00-04:00,22.1,22.1,7.9,40,1012,1009.1,1012.1,4.7,90,E,6.8,22.1,22.1,0,16,Mostly Cloudy,::BK,BK,0.11,10
1791497520,2026-10-08T18:12:00-04:00,21.8,21.8,8,41,1012.1,1009.2,1012.2,4.7,89,E,9.4,21.8,21.8,0,12,Mostly Cloudy,::BK,BK,0.09,10
1791497820,2026-10-08T18:17:00-04:00,21.5,21.5,8,42,1012.2,1009.3,1012.3,2.9,66,ENE,9,21.5,21.5,0,9,Mostly Cloudy,::BK,BK,0.06,10
1791498120,2026-10-08T18:22:00-04:00,21.3,21.3,7.9,42,1012.3,1009.4,1012.4,1.8,71,ENE,3.2,21.3,21.3,0,6,Sunny,::CL,CL,0.04,10
1791498420,2026-10-08T18:27:00-04:00,21.2,21.2,7.8,42,1012.3,1009.4,1012.4,1.8,107,ESE,5.4,21.2,21.2,0,3,Clear,::CL,CL,0.02,10
1791498720,2026-10-08T18:32:00-04:00,21.1,21.1,8,43,1012.4,1009.5,1012.5,2.2,77,ENE,7.2,21.1,21.1,0,2,Clear,::CL,CL,0.01,10
1791499020,2026-10-08T18:37:00-04:00,20.9,20.9,7.9,43,1012.5,1009.6,1012.6,2.9,144,SE,13.7,20.9,20.9,0,1,Clear,::CL,CL,0,10
1791499320,2026-10-08T18:42:00-04:00,20.8,20.8,7.8,43,1012.6,1009.7,1012.7,2.5,133,SE,6.1,20.8,20.8,0,0,Clear,::CL,CL,0,10
1791499620,2026-10-08T18:47:00-04:00,20.7,20.7,7.7,43,1012.7,1009.8,1012.8,2.2,111,ESE,2.9,20.7,20.7,0,0,Clear,::CL,CL,0,10
1791499920,2026-10-08T18:52:00-04:00,20.5,20.5,7.8,44,1012.8,1009.9,1012.9,3.2,119,ESE,4.3,20.5,20.5,0,0,Clear,::CL,CL,0,10
1791500220,2026-10-08T18:57:00-04:00,20.3,20.3,7.6,44,1012.8,1009.9,1012.9,4,132,SE,4.3,20.3,20.3,0,0,Clear,::CL,CL,0,10
1791500520,2026-10-08T19:02:00-04:00,20.1,20.1,7.5,44,1012.9,1010,1013,2.2,77,ENE,2.5,20.1,20.1,0,0,Clear,::CL,CL,0,10
1791500820,2026-10-08T19:07:00-04:00,19.9,19.9,7.6,45,1013,1010.1,1013.1,3.2,117,ESE,3.6,19.9,19.9,0,0,Clear,::CL,CL,0,10
1791501120,2026-10-08T19:12:00-04:00,19.7,19.7,7.8,46,1013.1,1010.1,1013.1,3.2,106,ESE,3.6,19.7,19.7,0,0,Clear,::CL,CL,0,10
1791501420,2026-10-08T19:17:00-04:00,19.5,19.5,7.9,47,1013.2,1010.2,1013.2,3.2,105,ESE,3.2,19.5,19.5,0,0,Clear,::CL,CL,0,10
1791501780,2026-10-08T19:23:00-04:00,19.2,19.2,7.6,47,1013.4,1010.4,1013.4,4.3,146,SE,7.2,19.2,19.2,0,0,Clear,::CL,CL,0,10
1791502140,2026-10-08T19:29:00-04:00,18.9,18.9,8.2,50,1013.5,1010.5,1013.5,3.2,105,ESE,3.6,18.9,18.9,0,0,Clear,::CL,CL,0,10
1791502320,2026-10-08T19:32:00-04:00,18.7,18.7,8.4,51,1013.5,1010.5,1013.5,3.2,95,E,4,18.7,18.7,0,0,Clear,::CL,CL,0,10
1791502620,2026-10-08T19:37:00-04:00,18.4,18.4,8.6,53,1013.7,1010.7,1013.7,3.2,81,E,3.6,18.4,18.4,0,0,Clear,::CL,CL,0,10
1791502980,2026-10-08T19:43:00-04:00,17.9,17.9,8.5,54,1013.7,1010.7,1013.7,2.5,91,E,2.9,17.9,17.9,0,0,Clear,::CL,CL,0,10
1791503220,2026-10-08T19:47:00-04:00,17.6,17.6,8.7,56,1013.8,1010.8,1013.8,2.5,79,E,2.5,17.6,17.6,0,0,Clear,::CL,CL,0,10
1791503520,2026-10-08T19:52:00-04:00,17.3,17.3,9,58,1013.8,1010.8,1013.8,2.9,103,ESE,3.2,17.3,17.3,0,0,Clear,::CL,CL,0,10
1791503820,2026-10-08T19:57:00-04:00,17,17,8.4,57,1013.8,1010.8,1013.8,4.3,118,ESE,4.7,17,17,0,0,Clear,::CL,CL,0,10
1791504180,2026-10-08T20:03:00-04:00,16.7,16.7,8.9,60,1014,1011,1014,4.7,80,E,5,16.7,16.7,0,0,Clear,::CL,CL,0,10
1791504480,2026-10-08T20:08:00-04:00,16.4,16.4,8.9,61,1014.1,1011.1,1014.1,5.4,161,SSE,7.2,16.4,16.4,0,0,Clear,::CL,CL,0,10
1791504720,2026-10-08T20:12:00-04:00,16.3,16.3,9,62,1014.2,1011.2,1014.2,5.4,130,SE,5.4,16.3,16.3,0,0,Clear,::CL,CL,0,10
1791505080,2026-10-08T20:18:00-04:00,16.1,16.1,8.8,62,1014.3,1011.3,1014.3,5.8,92,E,6.1,16.1,16.1,0,0,Clear,::CL,CL,0,10
1791505380,2026-10-08T20:23:00-04:00,15.8,15.8,9,64,1014.3,1011.3,1014.3,5.4,117,ESE,5.4,15.8,15.8,0,0,Clear,::CL,CL,0,10
1791505680,2026-10-08T20:28:00-04:00,15.7,15.7,8.7,63,1014.4,1011.4,1014.4,4.7,90,E,5.4,15.7,15.7,0,0,Clear,::CL,CL,0,10
1791505920,2026-10-08T20:32:00-04:00,15.8,15.8,8.5,62,1014.4,1011.4,1014.4,5,120,ESE,5.8,15.8,15.8,0,0,Clear,::CL,CL,0,10
1791506280,2026-10-08T20:38:00-04:00,15.7,15.7,8.9,64,1014.5,1011.5,1014.5,6.1,112,ESE,6.8,15.7,15.7,0,0,Clear,::CL,CL,0,10
1791506580,2026-10-08T20:43:00-04:00,15.5,15.5,9.4,67,1014.7,1011.7,1014.7,6.8,107,ESE,7.2,15.5,15.5,0,0,Clear,::CL,CL,0,10
1791506880,2026-10-08T20:48:00-04:00,15.3,15.3,9.2,67,1014.8,1011.8,1014.8,6.5,104,ESE,6.8,15.3,15.3,0,0,Clear,::CL,CL,0,10
1791507180,2026-10-08T20:53:00-04:00,15.1,15.1,9,67,1014.9,1011.9,1014.9,6.5,102,ESE,6.8,15.1,15.1,0,0,Clear,::CL,CL,0,10
1791507480,2026-10-08T20:58:00-04:00,14.9,14.9,9,68,1015,1012,1015,6.8,114,ESE,10.8,14.9,14.9,0,0,Clear,::CL,CL,0,10
1791507780,2026-10-08T21:03:00-04:00,14.7,14.7,9.3,70,1015.1,1012.1,1015.1,6.5,90,E,6.5,14.7,14.7,0,0,Clear,::CL,CL,0,10
1791508080,2026-10-08T21:08:00-04:00,14.6,14.6,9.2,70,1015.1,1012.1,1015.1,6.5,113,ESE,6.5,14.6,14.6,0,0,Clear,::CL,CL,0,10
1791508380,2026-10-08T21:13:00-04:00,14.5,14.5,8.9,69,1015.2,1012.2,1015.2,8.3,173,S,13.7,14.5,14.5,0,0,Clear,::CL,CL,0,10
1791508680,2026-10-08T21:18:00-04:00,14.5,14.5,9.1,70,1015.3,1012.3,1015.3,6.1,114,ESE,6.5,14.5,14.5,0,0,Clear,::CL,CL,0,10
1791509040,2026-10-08T21:24:00-04:00,14.4,14.4,9.2,71,1015.3,1012.3,1015.3,5.8,97,E,5.8,14.4,14.4,0,0,Clear,::CL,CL,0,10
1791509280,2026-10-08T21:28:00-04:00,14.3,14.3,9.5,73,1015.4,1012.4,1015.4,6.5,128,SE,7.9,14.3,14.3,0,0,Clear,::CL,CL,0,10
1791509580,2026-10-08T21:33:00-04:00,14.1,14.1,9.3,73,1015.5,1012.5,1015.5,6.1,108,ESE,6.5,14.1,14.1,0,0,Clear,::CL,CL,0,10
1791509880,2026-10-08T21:38:00-04:00,14,14,9.4,74,1015.6,1012.6,1015.6,5.8,74,ENE,6.1,14,14,0,0,Clear,::CL,CL,0,10
1791510180,2026-10-08T21:43:00-04:00,13.8,13.8,9.4,75,1015.6,1012.6,1015.6,5.8,105,ESE,6.1,13.8,13.8,0,0,Clear,::CL,CL,0,10
1791510480,2026-10-08T21:48:00-04:00,13.7,13.7,9.1,74,1015.7,1012.7,1015.7,5.8,120,ESE,5.8,13.7,13.7,0,0,Clear,::CL,CL,0,10
1791510780,2026-10-08T21:53:00-04:00,13.6,13.6,9.3,75,1015.8,1012.8,1015.8,6.1,124,SE,6.5,13.6,13.6,0,0,Clear,::CL,CL,0,10
1791511080,2026-10-08T21:58:00-04:00,13.5,13.5,9.4,76,1015.8,1012.8,1015.8,6.5,60,ENE,6.5,13.5,13.5,0,0,Clear,::CL,CL,0,10
1791511380,2026-10-08T22:03:00-04:00,13.4,13.4,9.3,76,1015.9,1012.9,1015.9,6.5,110,ESE,6.5,13.4,13.4,0,0,Clear,::CL,CL,0,10
1791511680,2026-10-08T22:08:00-04:00,13.3,13.3,9.2,76,1016,1013,1016,6.5,101,E,6.5,13.3,13.3,0,0,Clear,::CL,CL,0,10
1791511980,2026-10-08T22:13:00-04:00,13.1,13.1,9.2,77,1016.2,1013.2,1016.2,5.8,83,E,6.1,13.1,13.1,0,0,Clear,::CL,CL,0,10
1791512280,2026-10-08T22:18:00-04:00,13.1,13.1,9.2,77,1016.3,1013.3,1016.3,6.1,98,E,6.5,13.1,13.1,0,0,Clear,::CL,CL,0,10
1791512580,2026-10-08T22:23:00-04:00,12.9,12.9,9.2,78,1016.3,1013.3,1016.3,5.4,125,SE,6.1,12.9,12.9,0,0,Clear,::CL,CL,0,10
1791512880,2026-10-08T22:28:00-04:00,12.8,12.8,9.4,80,1016.4,1013.4,1016.4,6.5,94,E,6.8,12.8,12.8,0,0,Clear,::CL,CL,0,10
1791513180,2026-10-08T22:33:00-04:00,12.7,12.7,9.3,80,1016.5,1013.5,1016.5,6.5,105,ESE,6.8,12.7,12.7,0,0,Clear,::CL,CL,0,10
1791513480,2026-10-08T22:38:00-04:00,12.6,12.6,9.4,81,1016.5,1013.5,1016.5,7.2,114,ESE,8.3,12.6,12.6,0,0,Clear,::CL,CL,0,10
1791513780,2026-10-08T22:43:00-04:00,12.4,12.4,9.4,82,1016.6,1013.6,1016.6,6.8,129,SE,6.8,12.4,12.4,0,0,Clear,::CL,CL,0,10
1791514080,2026-10-08T22:48:00-04:00,12.3,12.3,9.3,82,1016.6,1013.6,1016.6,7.9,133,SE,18.4,12.3,12.3,0,0,Clear,::CL,CL,0,10
1791514380,2026-10-08T22:53:00-04:00,12.2,12.2,9,81,1016.7,1013.7,1016.7,6.8,125,SE,16.2,12.2,12.2,0,0,Clear,::CL,CL,0,10
1791514680,2026-10-08T22:58:00-04:00,12.2,12.2,9,81,1016.7,1013.7,1016.7,6.5,107,ESE,6.8,12.2,12.2,0,0,Clear,::CL,CL,0,10
1791514980,2026-10-08T23:03:00-04:00,12.2,12.2,9,81,1016.7,1013.7,1016.7,7.2,78,ENE,7.2,12.2,12.2,0,0,Clear,::CL,CL,0,10
1791515340,2026-10-08T23:09:00-04:00,12.2,12.2,9,81,1016.7,1013.7,1016.7,7.2,128,SE,7.9,12.2,12.2,0,0,Clear,::CL,CL,0,10
1791515580,2026-10-08T23:13:00-04:00,12.3,12.3,9.1,81,1016.7,1013.7,1016.7,6.8,123,ESE,7.6,12.3,12.3,0,0,Clear,::CL,CL,0,10
1791515880,2026-10-08T23:18:00-04:00,12.3,12.3,9.3,82,1016.7,1013.7,1016.7,6.5,128,SE,6.5,12.3,12.3,0,0,Clear,::CL,CL,0,10
1791516180,2026-10-08T23:23:00-04:00,12.2,12.2,9,81,1016.7,1013.7,1016.7,6.5,102,ESE,6.8,12.2,12.2,0,0,Clear,::CL,CL,0,10
1791516480,2026-10-08T23:28:00-04:00,12.2,12.2,9,81,1016.7,1013.7,1016.7,6.5,85,E,6.8,12.2,12.2,0,0,Clear,::CL,CL,0,10
1791516840,2026-10-08T23:34:00-04:00,12.1,12.1,9.1,82,1016.8,1013.8,1016.8,7.2,121,ESE,7.6,12.1,12.1,0,0,Clear,::CL,CL,0,10
1791517080,2026-10-08T23:38:00-04:00,12.1,12.1,9.1,82,1016.8,1013.8,1016.8,6.8,114,ESE,7.6,12.1,12.1,0,0,Clear,::CL,CL,0,10
1791517380,2026-10-08T23:43:00-04:00,12,12,9,82,1016.8,1013.8,1016.8,6.5,114,ESE,7.2,12,12,0,0,Clear,::CL,CL,0,10
1791517680,2026-10-08T23:48:00-04:00,11.9,11.9,9.1,83,1016.8,1013.8,1016.8,6.5,132,SE,6.5,11.9,11.9,0,0,Clear,::CL,CL,0,10
1791517980,2026-10-08T23:53:00-04:00,11.8,11.8,8.8,82,1016.8,1013.8,1016.8,6.5,90,E,6.8,11.8,11.8,0,0,Clear,::CL,CL,0,10
1791518280,2026-10-08T23:58:00-04:00,11.8,11.8,8.8,82,1016.8,1013.8,1016.8,6.5,103,ESE,6.8,11.8,11.8,0,0,Clear,::CL,CL,0,10
